0;0;0;0
0.001;0.0001;4.98333e-05;-5.01667e-05
0.002;0.00029899;0.000198667;-0.000100323
0.003;0.00059596;0.0004455;-0.00015046
0.004;0.000989901;0.000789334;-0.000200567
0.005;0.0014798;0.00122917;-0.000250634
0.006;0.00206466;0.00176401;-0.000300653
0.007;0.00274346;0.00239285;-0.000350612
0.008;0.0035152;0.00311469;-0.000400504
0.009;0.00437887;0.00392855;-0.000450318
0.01;0.00533346;0.00483342;-0.000500046
0.011;0.00637798;0.0058283;-0.000549679
0.012;0.00751141;0.0069122;-0.000599206
0.013;0.00873276;0.00808414;-0.00064862
0.014;0.010041;0.0093431;-0.000697912
0.015;0.0114352;0.0106881;-0.000747073
0.016;0.0129143;0.0121182;-0.000796094
0.017;0.0144773;0.0136323;-0.000844968
0.018;0.0161232;0.0152295;-0.000893685
0.019;0.0178511;0.0169088;-0.000942237
0.02;0.0196599;0.0186692;-0.000990617
0.021;0.0215486;0.0205098;-0.00103882
0.022;0.0235163;0.0224295;-0.00108683
0.023;0.025562;0.0244273;-0.00113464
0.024;0.0276846;0.0265024;-0.00118225
0.025;0.0298833;0.0286536;-0.00122965
0.026;0.032157;0.0308801;-0.00127683
0.027;0.0345047;0.0331809;-0.00132378
0.028;0.0369255;0.035555;-0.0013705
0.029;0.0394184;0.0380014;-0.00141697
0.03;0.0419824;0.0405192;-0.0014632
0.031;0.0446166;0.0431075;-0.00150918
0.032;0.04732;0.0457651;-0.00155489
0.033;0.0500917;0.0484913;-0.00160033
0.034;0.0529306;0.0512851;-0.0016455
0.035;0.0558358;0.0541454;-0.00169038
0.036;0.0588064;0.0570714;-0.00173498
0.037;0.0618413;0.0600621;-0.00177928
0.038;0.0649398;0.0631165;-0.00182329
0.039;0.0681008;0.0662338;-0.00186698
0.04;0.0713234;0.069413;-0.00191036
0.041;0.0746066;0.0726531;-0.00195343
0.042;0.0779495;0.0759533;-0.00199617
0.043;0.0813512;0.0793126;-0.00203857
0.044;0.0848107;0.0827301;-0.00208065
0.045;0.0883272;0.0862048;-0.00212238
0.046;0.0918996;0.0897359;-0.00216376
0.047;0.0955272;0.0933224;-0.0022048
0.048;0.0992089;0.0969634;-0.00224547
0.049;0.102944;0.100658;-0.00228579
0.05;0.106731;0.104405;-0.00232573
0.051;0.11057;0.108205;-0.00236531
0.052;0.114459;0.112055;-0.00240451
0.053;0.118398;0.115955;-0.00244333
0.054;0.122386;0.119904;-0.00248176
0.055;0.126422;0.123902;-0.0025198
0.056;0.130504;0.127947;-0.00255745
0.057;0.134633;0.132039;-0.0025947
0.058;0.138807;0.136176;-0.00263155
0.059;0.143026;0.140358;-0.00266799
0.06;0.147288;0.144584;-0.00270402
0.061;0.151592;0.148853;-0.00273963
0.062;0.155939;0.153164;-0.00277483
0.063;0.160326;0.157516;-0.00280961
0.064;0.164753;0.161909;-0.00284396
0.065;0.16922;0.166342;-0.00287788
0.066;0.173725;0.170814;-0.00291137
0.067;0.178268;0.175323;-0.00294443
0.068;0.182847;0.17987;-0.00297704
0.069;0.187462;0.184453;-0.00300922
0.07;0.192113;0.189072;-0.00304095
0.071;0.196797;0.193725;-0.00307224
0.072;0.201516;0.198413;-0.00310308
0.073;0.206267;0.203133;-0.00313346
0.074;0.211049;0.207886;-0.00316339
0.075;0.215863;0.21267;-0.00319286
0.076;0.220707;0.217485;-0.00322187
0.077;0.225581;0.22233;-0.00325043
0.078;0.230483;0.227204;-0.00327851
0.079;0.235413;0.232107;-0.00330614
0.08;0.24037;0.237037;-0.00333329
0.081;0.245354;0.241994;-0.00335997
0.082;0.250363;0.246977;-0.00338619
0.083;0.255398;0.251986;-0.00341193
0.084;0.260456;0.257019;-0.00343719
0.085;0.265538;0.262076;-0.00346198
0.086;0.270642;0.267156;-0.00348629
0.087;0.275768;0.272258;-0.00351012
0.088;0.280916;0.277382;-0.00353347
0.089;0.286083;0.282527;-0.00355634
0.09;0.291271;0.287692;-0.00357873
0.091;0.296478;0.292877;-0.00360063
0.092;0.301702;0.29808;-0.00362205
0.093;0.306945;0.303302;-0.00364298
0.094;0.312204;0.308541;-0.00366343
0.095;0.31748;0.313796;-0.00368339
0.096;0.32277;0.319068;-0.00370287
0.097;0.328076;0.324354;-0.00372185
0.098;0.333396;0.329656;-0.00374035
0.099;0.33873;0.334971;-0.00375836
0.1;0.344076;0.3403;-0.00377588
0.101;0.349434;0.345641;-0.00379291
0.102;0.354804;0.350994;-0.00380945
0.103;0.360184;0.356359;-0.0038255
0.104;0.365575;0.361734;-0.00384107
0.105;0.370975;0.367119;-0.00385614
0.106;0.376385;0.372514;-0.00387073
0.107;0.381802;0.377917;-0.00388483
0.108;0.387227;0.383329;-0.00389843
0.109;0.392659;0.388748;-0.00391156
0.11;0.398098;0.394174;-0.00392419
0.111;0.403542;0.399606;-0.00393634
0.112;0.408992;0.405044;-0.003948
0.113;0.414446;0.410487;-0.00395917
0.114;0.419904;0.415934;-0.00396986
0.115;0.425366;0.421386;-0.00398007
0.116;0.43083;0.426841;-0.0039898
0.117;0.436297;0.432298;-0.00399904
0.118;0.441766;0.437758;-0.0040078
0.119;0.447235;0.443219;-0.00401608
0.12;0.452705;0.448681;-0.00402388
0.121;0.458175;0.454144;-0.00403121
0.122;0.463645;0.459607;-0.00403806
0.123;0.469114;0.465069;-0.00404443
0.124;0.474581;0.47053;-0.00405033
0.125;0.480046;0.47599;-0.00405576
0.126;0.485508;0.481447;-0.00406072
0.127;0.490967;0.486902;-0.00406521
0.128;0.496422;0.492353;-0.00406924
0.129;0.501873;0.497801;-0.00407279
0.13;0.50732;0.503244;-0.00407589
0.131;0.512761;0.508683;-0.00407852
0.132;0.518197;0.514116;-0.00408069
0.133;0.523626;0.519544;-0.00408241
0.134;0.529049;0.524965;-0.00408366
0.135;0.534465;0.53038;-0.00408447
0.136;0.539873;0.535788;-0.00408482
0.137;0.545272;0.541188;-0.00408472
0.138;0.550664;0.54658;-0.00408418
0.139;0.556046;0.551963;-0.00408319
0.14;0.561419;0.557338;-0.00408175
0.141;0.566783;0.562703;-0.00407988
0.142;0.572135;0.568058;-0.00407757
0.143;0.577477;0.573403;-0.00407482
0.144;0.582808;0.578737;-0.00407164
0.145;0.588128;0.58406;-0.00406802
0.146;0.593435;0.589371;-0.00406398
0.147;0.59873;0.59467;-0.00405952
0.148;0.604012;0.599957;-0.00405463
0.149;0.609281;0.605232;-0.00404932
0.15;0.614536;0.610493;-0.00404359
0.151;0.619777;0.61574;-0.00403745
0.152;0.625004;0.620973;-0.00403089
0.153;0.630216;0.626192;-0.00402393
0.154;0.635413;0.631397;-0.00401656
0.155;0.640595;0.636586;-0.00400878
0.156;0.64576;0.64176;-0.00400061
0.157;0.65091;0.646918;-0.00399204
0.158;0.656042;0.652059;-0.00398307
0.159;0.661158;0.657184;-0.00397372
0.16;0.666257;0.662293;-0.00396397
0.161;0.671338;0.667384;-0.00395384
0.162;0.676401;0.672457;-0.00394333
0.163;0.681445;0.677513;-0.00393244
0.164;0.686471;0.68255;-0.00392118
0.165;0.691479;0.687569;-0.00390954
0.166;0.696467;0.692569;-0.00389753
0.167;0.701435;0.69755;-0.00388516
0.168;0.706384;0.702511;-0.00387243
0.169;0.711312;0.707453;-0.00385934
0.17;0.71622;0.712374;-0.00384589
0.171;0.721108;0.717276;-0.00383209
0.172;0.725974;0.722156;-0.00381794
0.173;0.730819;0.727016;-0.00380345
0.174;0.735643;0.731854;-0.00378862
0.175;0.740445;0.736671;-0.00377345
0.176;0.745224;0.741466;-0.00375794
0.177;0.749982;0.74624;-0.00374211
0.178;0.754717;0.750991;-0.00372594
0.179;0.759429;0.755719;-0.00370946
0.18;0.764118;0.760425;-0.00369265
0.181;0.768783;0.765108;-0.00367553
0.182;0.773425;0.769767;-0.00365809
0.183;0.778044;0.774404;-0.00364035
0.184;0.782638;0.779016;-0.0036223
0.185;0.787208;0.783604;-0.00360395
0.186;0.791754;0.788169;-0.0035853
0.187;0.796275;0.792709;-0.00356636
0.188;0.800772;0.797224;-0.00354713
0.189;0.805243;0.801715;-0.00352761
0.19;0.809689;0.806181;-0.00350781
0.191;0.814109;0.810622;-0.00348773
0.192;0.818504;0.815037;-0.00346738
0.193;0.822874;0.819427;-0.00344675
0.194;0.827217;0.823791;-0.00342586
0.195;0.831534;0.828129;-0.00340471
0.196;0.835824;0.832441;-0.00338329
0.197;0.840089;0.836727;-0.00336163
0.198;0.844326;0.840987;-0.0033397
0.199;0.848537;0.845219;-0.00331754
0.2;0.852721;0.849426;-0.00329512
0.201;0.856877;0.853605;-0.00327247
0.202;0.861007;0.857757;-0.00324958
0.203;0.865109;0.861882;-0.00322646
0.204;0.869183;0.86598;-0.00320312
0.205;0.87323;0.870051;-0.00317954
0.206;0.877249;0.874094;-0.00315575
0.207;0.88124;0.878109;-0.00313174
0.208;0.885204;0.882096;-0.00310752
0.209;0.889138;0.886055;-0.00308309
0.21;0.893045;0.889987;-0.00305846
0.211;0.896923;0.89389;-0.00303362
0.212;0.900773;0.897765;-0.00300859
0.213;0.904595;0.901611;-0.00298337
0.214;0.908387;0.905429;-0.00295796
0.215;0.912151;0.909219;-0.00293236
0.216;0.915886;0.912979;-0.00290658
0.217;0.919592;0.916711;-0.00288063
0.218;0.923269;0.920414;-0.0028545
0.219;0.926917;0.924089;-0.0028282
0.22;0.930536;0.927734;-0.00280174
0.221;0.934125;0.93135;-0.00277512
0.222;0.937685;0.934937;-0.00274834
0.223;0.941216;0.938495;-0.00272141
0.224;0.944718;0.942023;-0.00269432
0.225;0.948189;0.945522;-0.0026671
0.226;0.951632;0.948992;-0.00263973
0.227;0.955045;0.952432;-0.00261222
0.228;0.958428;0.955843;-0.00258458
0.229;0.961781;0.959224;-0.00255681
0.23;0.965105;0.962576;-0.00252891
0.231;0.968399;0.965898;-0.00250089
0.232;0.971663;0.969191;-0.00247275
0.233;0.974898;0.972453;-0.0024445
0.234;0.978102;0.975686;-0.00241614
0.235;0.981277;0.978889;-0.00238766
0.236;0.984422;0.982063;-0.00235909
0.237;0.987537;0.985206;-0.00233042
0.238;0.990622;0.98832;-0.00230165
0.239;0.993677;0.991404;-0.00227279
0.24;0.996702;0.994459;-0.00224384
0.241;0.999698;0.997483;-0.00221481
0.242;1.00266;1.00048;-0.00218569
0.243;1.0056;1.00344;-0.0021565
0.244;1.0085;1.00638;-0.00212724
0.245;1.01138;1.00928;-0.00209791
0.246;1.01423;1.01216;-0.00206851
0.247;1.01704;1.015;-0.00203905
0.248;1.01983;1.01782;-0.00200953
0.249;1.02258;1.0206;-0.00197995
0.25;1.02531;1.02336;-0.00195033
0.251;1.02801;1.02609;-0.00192065
0.252;1.03067;1.02878;-0.00189094
0.253;1.03331;1.03145;-0.00186118
0.254;1.03592;1.03409;-0.00183138
0.255;1.0385;1.03669;-0.00180155
0.256;1.04104;1.03927;-0.00177169
0.257;1.04356;1.04182;-0.00174181
0.258;1.04605;1.04434;-0.0017119
0.259;1.04851;1.04683;-0.00168197
0.26;1.05094;1.04929;-0.00165202
0.261;1.05334;1.05172;-0.00162207
0.262;1.05571;1.05412;-0.0015921
0.263;1.05805;1.05649;-0.00156212
0.264;1.06037;1.05883;-0.00153215
0.265;1.06265;1.06115;-0.00150217
0.266;1.0649;1.06343;-0.0014722
0.267;1.06713;1.06569;-0.00144223
0.268;1.06933;1.06791;-0.00141228
0.269;1.07149;1.07011;-0.00138233
0.27;1.07363;1.07228;-0.00135241
0.271;1.07574;1.07442;-0.0013225
0.272;1.07782;1.07653;-0.00129262
0.273;1.07988;1.07861;-0.00126276
0.274;1.0819;1.08067;-0.00123294
0.275;1.0839;1.08269;-0.00120314
0.276;1.08586;1.08469;-0.00117338
0.277;1.0878;1.08666;-0.00114366
0.278;1.08971;1.0886;-0.00111398
0.279;1.0916;1.09051;-0.00108435
0.28;1.09345;1.0924;-0.00105476
0.281;1.09528;1.09425;-0.00102522
0.282;1.09708;1.09608;-0.000995739
0.283;1.09885;1.09788;-0.000966311
0.284;1.10059;1.09966;-0.000936943
0.285;1.10231;1.1014;-0.000907636
0.286;1.104;1.10312;-0.000878394
0.287;1.10566;1.10481;-0.000849219
0.288;1.1073;1.10648;-0.000820115
0.289;1.1089;1.10811;-0.000791083
0.29;1.11048;1.10972;-0.000762128
0.291;1.11204;1.1113;-0.00073325
0.292;1.11357;1.11286;-0.000704454
0.293;1.11507;1.11439;-0.000675741
0.294;1.11654;1.11589;-0.000647115
0.295;1.11799;1.11737;-0.000618577
0.296;1.11941;1.11882;-0.000590131
0.297;1.1208;1.12024;-0.000561779
0.298;1.12217;1.12164;-0.000533523
0.299;1.12351;1.12301;-0.000505366
0.3;1.12483;1.12435;-0.00047731
0.301;1.12612;1.12567;-0.000449358
0.302;1.12739;1.12697;-0.000421512
0.303;1.12863;1.12824;-0.000393774
0.304;1.12985;1.12948;-0.000366148
0.305;1.13104;1.1307;-0.000338634
0.306;1.1322;1.13189;-0.000311236
0.307;1.13334;1.13306;-0.000283955
0.308;1.13446;1.1342;-0.000256794
0.309;1.13555;1.13532;-0.000229755
0.31;1.13662;1.13641;-0.00020284
0.311;1.13766;1.13748;-0.000176052
0.312;1.13868;1.13853;-0.000149392
0.313;1.13967;1.13955;-0.000122862
0.314;1.14064;1.14054;-9.64646e-05
0.315;1.14159;1.14152;-7.0202e-05
0.316;1.14251;1.14246;-4.40758e-05
0.317;1.14341;1.14339;-1.80881e-05
0.318;1.14428;1.14429;7.75927e-06
0.319;1.14514;1.14517;3.34643e-05
0.32;1.14597;1.14603;5.90252e-05
0.321;1.14677;1.14686;8.44401e-05
0.322;1.14756;1.14767;0.000109707
0.323;1.14832;1.14845;0.000134825
0.324;1.14906;1.14922;0.000159791
0.325;1.14977;1.14996;0.000184604
0.326;1.15047;1.15068;0.000209262
0.327;1.15114;1.15138;0.000233764
0.328;1.15179;1.15205;0.000258108
0.329;1.15242;1.1527;0.000282292
0.33;1.15303;1.15334;0.000306314
0.331;1.15361;1.15395;0.000330174
0.332;1.15418;1.15453;0.00035387
0.333;1.15472;1.1551;0.000377399
0.334;1.15525;1.15565;0.000400762
0.335;1.15575;1.15617;0.000423955
0.336;1.15623;1.15668;0.000446978
0.337;1.15669;1.15716;0.00046983
0.338;1.15713;1.15763;0.000492509
0.339;1.15755;1.15807;0.000515013
0.34;1.15795;1.15849;0.000537342
0.341;1.15834;1.15889;0.000559495
0.342;1.1587;1.15928;0.000581469
0.343;1.15904;1.15964;0.000603264
0.344;1.15936;1.15999;0.000624878
0.345;1.15966;1.16031;0.000646311
0.346;1.15995;1.16062;0.000667561
0.347;1.16021;1.1609;0.000688627
0.348;1.16046;1.16117;0.000709508
0.349;1.16069;1.16142;0.000730203
0.35;1.1609;1.16165;0.000750711
0.351;1.16109;1.16186;0.000771032
0.352;1.16126;1.16206;0.000791163
0.353;1.16142;1.16223;0.000811104
0.354;1.16156;1.16239;0.000830855
0.355;1.16168;1.16253;0.000850414
0.356;1.16178;1.16265;0.000869781
0.357;1.16187;1.16276;0.000888954
0.358;1.16194;1.16285;0.000907933
0.359;1.16199;1.16292;0.000926717
0.36;1.16203;1.16297;0.000945305
0.361;1.16204;1.16301;0.000963697
0.362;1.16205;1.16303;0.000981892
0.363;1.16203;1.16303;0.00099989
0.364;1.162;1.16302;0.00101769
0.365;1.16196;1.16299;0.00103529
0.366;1.1619;1.16295;0.00105269
0.367;1.16182;1.16289;0.00106989
0.368;1.16173;1.16281;0.00108689
0.369;1.16162;1.16272;0.00110369
0.37;1.1615;1.16262;0.00112028
0.371;1.16136;1.1625;0.00113668
0.372;1.16121;1.16236;0.00115287
0.373;1.16104;1.16221;0.00116886
0.374;1.16086;1.16204;0.00118465
0.375;1.16066;1.16186;0.00120023
0.376;1.16045;1.16167;0.00121561
0.377;1.16023;1.16146;0.00123078
0.378;1.15999;1.16124;0.00124575
0.379;1.15974;1.161;0.00126051
0.38;1.15947;1.16075;0.00127507
0.381;1.1592;1.16049;0.00128943
0.382;1.15891;1.16021;0.00130357
0.383;1.1586;1.15992;0.00131752
0.384;1.15828;1.15962;0.00133125
0.385;1.15795;1.1593;0.00134478
0.386;1.15761;1.15897;0.00135811
0.387;1.15726;1.15863;0.00137123
0.388;1.15689;1.15828;0.00138414
0.389;1.15651;1.15791;0.00139685
0.39;1.15612;1.15753;0.00140935
0.391;1.15572;1.15714;0.00142164
0.392;1.15531;1.15674;0.00143373
0.393;1.15488;1.15633;0.00144561
0.394;1.15445;1.1559;0.00145729
0.395;1.154;1.15547;0.00146876
0.396;1.15354;1.15502;0.00148002
0.397;1.15307;1.15456;0.00149108
0.398;1.15259;1.15409;0.00150194
0.399;1.1521;1.15361;0.00151258
0.4;1.1516;1.15312;0.00152303
0.401;1.15109;1.15262;0.00153327
0.402;1.15057;1.15211;0.0015433
0.403;1.15004;1.15159;0.00155313
0.404;1.1495;1.15106;0.00156276
0.405;1.14895;1.15052;0.00157218
0.406;1.14839;1.14997;0.0015814
0.407;1.14782;1.14941;0.00159042
0.408;1.14724;1.14884;0.00159923
0.409;1.14666;1.14826;0.00160784
0.41;1.14606;1.14768;0.00161625
0.411;1.14546;1.14708;0.00162446
0.412;1.14484;1.14648;0.00163247
0.413;1.14422;1.14586;0.00164028
0.414;1.14359;1.14524;0.00164788
0.415;1.14296;1.14461;0.00165529
0.416;1.14231;1.14398;0.0016625
0.417;1.14166;1.14333;0.00166951
0.418;1.141;1.14268;0.00167633
0.419;1.14033;1.14201;0.00168295
0.42;1.13966;1.14135;0.00168937
0.421;1.13897;1.14067;0.00169559
0.422;1.13828;1.13999;0.00170162
0.423;1.13759;1.1393;0.00170745
0.424;1.13688;1.1386;0.00171309
0.425;1.13617;1.13789;0.00171854
0.426;1.13546;1.13718;0.0017238
0.427;1.13474;1.13646;0.00172886
0.428;1.13401;1.13574;0.00173373
0.429;1.13327;1.13501;0.00173841
0.43;1.13253;1.13427;0.0017429
0.431;1.13178;1.13353;0.0017472
0.432;1.13103;1.13278;0.00175132
0.433;1.13027;1.13203;0.00175525
0.434;1.12951;1.13127;0.00175899
0.435;1.12874;1.1305;0.00176254
0.436;1.12796;1.12973;0.00176591
0.437;1.12719;1.12895;0.0017691
0.438;1.1264;1.12817;0.0017721
0.439;1.12561;1.12739;0.00177492
0.44;1.12482;1.1266;0.00177756
0.441;1.12402;1.1258;0.00178002
0.442;1.12322;1.125;0.0017823
0.443;1.12241;1.12419;0.0017844
0.444;1.1216;1.12339;0.00178633
0.445;1.12078;1.12257;0.00178807
0.446;1.11997;1.12175;0.00178964
0.447;1.11914;1.12093;0.00179104
0.448;1.11832;1.12011;0.00179226
0.449;1.11749;1.11928;0.00179331
0.45;1.11665;1.11845;0.00179419
0.451;1.11581;1.11761;0.0017949
0.452;1.11497;1.11677;0.00179544
0.453;1.11413;1.11593;0.00179581
0.454;1.11329;1.11508;0.00179601
0.455;1.11244;1.11423;0.00179605
0.456;1.11158;1.11338;0.00179592
0.457;1.11073;1.11253;0.00179563
0.458;1.10987;1.11167;0.00179517
0.459;1.10901;1.11081;0.00179455
0.46;1.10815;1.10995;0.00179378
0.461;1.10729;1.10908;0.00179284
0.462;1.10642;1.10821;0.00179174
0.463;1.10555;1.10734;0.00179049
0.464;1.10468;1.10647;0.00178908
0.465;1.10381;1.1056;0.00178751
0.466;1.10294;1.10472;0.00178579
0.467;1.10206;1.10385;0.00178392
0.468;1.10119;1.10297;0.00178189
0.469;1.10031;1.10209;0.00177972
0.47;1.09943;1.10121;0.0017774
0.471;1.09855;1.10033;0.00177493
0.472;1.09767;1.09944;0.00177231
0.473;1.09679;1.09856;0.00176954
0.474;1.0959;1.09767;0.00176664
0.475;1.09502;1.09678;0.00176359
0.476;1.09414;1.0959;0.00176039
0.477;1.09325;1.09501;0.00175706
0.478;1.09237;1.09412;0.00175359
0.479;1.09148;1.09323;0.00174998
0.48;1.09059;1.09234;0.00174623
0.481;1.08971;1.09145;0.00174235
0.482;1.08882;1.09056;0.00173834
0.483;1.08794;1.08967;0.00173419
0.484;1.08705;1.08878;0.00172991
0.485;1.08616;1.08789;0.0017255
0.486;1.08528;1.087;0.00172096
0.487;1.08439;1.08611;0.00171629
0.488;1.08351;1.08522;0.00171149
0.489;1.08262;1.08433;0.00170658
0.49;1.08174;1.08344;0.00170153
0.491;1.08085;1.08255;0.00169637
0.492;1.07997;1.08166;0.00169108
0.493;1.07909;1.08077;0.00168568
0.494;1.07821;1.07989;0.00168015
0.495;1.07733;1.079;0.00167451
0.496;1.07645;1.07812;0.00166876
0.497;1.07557;1.07723;0.00166288
0.498;1.0747;1.07635;0.0016569
0.499;1.07382;1.07547;0.0016508
0.5;1.07295;1.07459;0.0016446
0.501;1.07207;1.07371;0.00163828
0.502;1.0712;1.07283;0.00163186
0.503;1.07033;1.07196;0.00162533
0.504;1.06947;1.07108;0.0016187
0.505;1.0686;1.07021;0.00161196
0.506;1.06774;1.06934;0.00160512
0.507;1.06687;1.06847;0.00159818
0.508;1.06601;1.0676;0.00159114
0.509;1.06515;1.06674;0.001584
0.51;1.0643;1.06588;0.00157676
0.511;1.06344;1.06501;0.00156943
0.512;1.06259;1.06415;0.001562
0.513;1.06174;1.0633;0.00155449
0.514;1.0609;1.06244;0.00154688
0.515;1.06005;1.06159;0.00153918
0.516;1.05921;1.06074;0.00153139
0.517;1.05837;1.05989;0.00152351
0.518;1.05753;1.05905;0.00151555
0.519;1.0567;1.0582;0.00150751
0.52;1.05586;1.05736;0.00149938
0.521;1.05503;1.05653;0.00149117
0.522;1.05421;1.05569;0.00148287
0.523;1.05338;1.05486;0.0014745
0.524;1.05256;1.05403;0.00146606
0.525;1.05174;1.0532;0.00145753
0.526;1.05093;1.05238;0.00144893
0.527;1.05012;1.05156;0.00144026
0.528;1.04931;1.05074;0.00143151
0.529;1.0485;1.04993;0.00142269
0.53;1.0477;1.04911;0.0014138
0.531;1.0469;1.04831;0.00140485
0.532;1.04611;1.0475;0.00139583
0.533;1.04531;1.0467;0.00138674
0.534;1.04452;1.0459;0.00137758
0.535;1.04374;1.04511;0.00136837
0.536;1.04296;1.04432;0.00135909
0.537;1.04218;1.04353;0.00134975
0.538;1.0414;1.04274;0.00134035
0.539;1.04063;1.04196;0.0013309
0.54;1.03986;1.04119;0.00132139
0.541;1.0391;1.04041;0.00131182
0.542;1.03834;1.03964;0.0013022
0.543;1.03758;1.03888;0.00129253
0.544;1.03683;1.03811;0.0012828
0.545;1.03608;1.03735;0.00127303
0.546;1.03534;1.0366;0.0012632
0.547;1.03459;1.03585;0.00125333
0.548;1.03386;1.0351;0.00124342
0.549;1.03312;1.03436;0.00123345
0.55;1.03239;1.03362;0.00122345
0.551;1.03167;1.03288;0.0012134
0.552;1.03095;1.03215;0.00120331
0.553;1.03023;1.03142;0.00119318
0.554;1.02952;1.0307;0.00118301
0.555;1.02881;1.02998;0.00117281
0.556;1.02811;1.02927;0.00116257
0.557;1.02741;1.02856;0.00115229
0.558;1.02671;1.02785;0.00114198
0.559;1.02602;1.02715;0.00113164
0.56;1.02533;1.02645;0.00112127
0.561;1.02465;1.02576;0.00111087
0.562;1.02397;1.02507;0.00110043
0.563;1.02329;1.02438;0.00108998
0.564;1.02262;1.0237;0.00107949
0.565;1.02196;1.02303;0.00106898
0.566;1.0213;1.02236;0.00105844
0.567;1.02064;1.02169;0.00104789
0.568;1.01999;1.02103;0.00103731
0.569;1.01934;1.02037;0.00102671
0.57;1.0187;1.01972;0.00101609
0.571;1.01806;1.01907;0.00100545
0.572;1.01743;1.01842;0.000994799
0.573;1.0168;1.01778;0.000984129
0.574;1.01617;1.01715;0.000973444
0.575;1.01555;1.01652;0.000962746
0.576;1.01494;1.01589;0.000952035
0.577;1.01433;1.01527;0.000941313
0.578;1.01372;1.01465;0.000930581
0.579;1.01312;1.01404;0.00091984
0.58;1.01252;1.01343;0.00090909
0.581;1.01193;1.01283;0.000898334
0.582;1.01135;1.01223;0.000887571
0.583;1.01076;1.01164;0.000876804
0.584;1.01019;1.01105;0.000866033
0.585;1.00961;1.01047;0.00085526
0.586;1.00904;1.00989;0.000844484
0.587;1.00848;1.00931;0.000833709
0.588;1.00792;1.00875;0.000822933
0.589;1.00737;1.00818;0.000812159
0.59;1.00682;1.00762;0.000801388
0.591;1.00628;1.00707;0.00079062
0.592;1.00574;1.00652;0.000779856
0.593;1.0052;1.00597;0.000769098
0.594;1.00467;1.00543;0.000758346
0.595;1.00415;1.00489;0.000747602
0.596;1.00363;1.00436;0.000736867
0.597;1.00311;1.00384;0.00072614
0.598;1.0026;1.00332;0.000715424
0.599;1.0021;1.0028;0.00070472
0.6;1.0016;1.00229;0.000694027
0.601;1.0011;1.00178;0.000683348
0.602;1.00061;1.00128;0.000672683
0.603;1.00012;1.00078;0.000662033
0.604;0.999641;1.00029;0.000651399
0.605;0.999165;0.999806;0.000640782
0.606;0.998693;0.999323;0.000630182
0.607;0.998227;0.998846;0.000619601
0.608;0.997765;0.998374;0.00060904
0.609;0.997308;0.997906;0.000598499
0.61;0.996855;0.997443;0.000587979
0.611;0.996408;0.996986;0.000577481
0.612;0.995966;0.996533;0.000567006
0.613;0.995528;0.996084;0.000556555
0.614;0.995095;0.995641;0.000546128
0.615;0.994667;0.995203;0.000535727
0.616;0.994244;0.994769;0.000525352
0.617;0.993825;0.99434;0.000515004
0.618;0.993412;0.993916;0.000504683
0.619;0.993003;0.993497;0.000494392
0.62;0.992599;0.993083;0.000484129
0.621;0.992199;0.992673;0.000473897
0.622;0.991805;0.992269;0.000463696
0.623;0.991415;0.991869;0.000453526
0.624;0.99103;0.991474;0.000443389
0.625;0.99065;0.991083;0.000433284
0.626;0.990275;0.990698;0.000423214
0.627;0.989904;0.990317;0.000413178
0.628;0.989538;0.989941;0.000403177
0.629;0.989176;0.98957;0.000393213
0.63;0.98882;0.989203;0.000383284
0.631;0.988468;0.988841;0.000373393
0.632;0.988121;0.988484;0.000363541
0.633;0.987778;0.988132;0.000353726
0.634;0.98744;0.987784;0.000343951
0.635;0.987107;0.987441;0.000334216
0.636;0.986778;0.987102;0.000324522
0.637;0.986454;0.986769;0.000314868
0.638;0.986134;0.986439;0.000305257
0.639;0.985819;0.986115;0.000295688
0.64;0.985509;0.985795;0.000286162
0.641;0.985203;0.98548;0.000276679
0.642;0.984902;0.985169;0.000267241
0.643;0.984605;0.984863;0.000257847
0.644;0.984313;0.984561;0.000248499
0.645;0.984025;0.984264;0.000239197
0.646;0.983742;0.983972;0.000229941
0.647;0.983463;0.983684;0.000220732
0.648;0.983189;0.9834;0.000211571
0.649;0.982919;0.983121;0.000202458
0.65;0.982653;0.982846;0.000193393
0.651;0.982392;0.982576;0.000184377
0.652;0.982135;0.982311;0.000175411
0.653;0.981883;0.982049;0.000166495
0.654;0.981635;0.981792;0.00015763
0.655;0.981391;0.98154;0.000148815
0.656;0.981151;0.981291;0.000140052
0.657;0.980916;0.981048;0.000131341
0.658;0.980685;0.980808;0.000122682
0.659;0.980459;0.980573;0.000114076
0.66;0.980236;0.980342;0.000105523
0.661;0.980018;0.980115;9.70243e-05
0.662;0.979804;0.979892;8.85793e-05
0.663;0.979594;0.979674;8.01887e-05
0.664;0.979388;0.97946;7.1853e-05
0.665;0.979186;0.97925;6.35725e-05
0.666;0.978989;0.979044;5.53476e-05
0.667;0.978795;0.978842;4.71788e-05
0.668;0.978606;0.978645;3.90663e-05
0.669;0.97842;0.978451;3.10105e-05
0.67;0.978239;0.978262;2.30118e-05
0.671;0.978062;0.978077;1.50705e-05
0.672;0.977888;0.977895;7.18688e-06
0.673;0.977719;0.977718;-6.3867e-07
0.674;0.977553;0.977545;-8.40586e-06
0.675;0.977391;0.977375;-1.61144e-05
0.676;0.977234;0.97721;-2.37639e-05
0.677;0.97708;0.977048;-3.13542e-05
0.678;0.97693;0.976891;-3.8885e-05
0.679;0.976783;0.976737;-4.6356e-05
0.68;0.976641;0.976587;-5.37669e-05
0.681;0.976502;0.976441;-6.11175e-05
0.682;0.976367;0.976299;-6.84075e-05
0.683;0.976236;0.97616;-7.56366e-05
0.684;0.976108;0.976025;-8.28048e-05
0.685;0.975984;0.975894;-8.99116e-05
0.686;0.975864;0.975767;-9.6957e-05
0.687;0.975747;0.975643;-0.000103941
0.688;0.975634;0.975523;-0.000110862
0.689;0.975525;0.975407;-0.000117722
0.69;0.975419;0.975294;-0.000124519
0.691;0.975316;0.975185;-0.000131254
0.692;0.975217;0.975079;-0.000137926
0.693;0.975122;0.974977;-0.000144536
0.694;0.975029;0.974878;-0.000151082
0.695;0.974941;0.974783;-0.000157566
0.696;0.974856;0.974692;-0.000163986
0.697;0.974774;0.974603;-0.000170342
0.698;0.974695;0.974519;-0.000176635
0.699;0.97462;0.974437;-0.000182865
0.7;0.974548;0.974359;-0.000189031
0.701;0.974479;0.974284;-0.000195133
0.702;0.974414;0.974213;-0.00020117
0.703;0.974352;0.974145;-0.000207144
0.704;0.974293;0.97408;-0.000213054
0.705;0.974237;0.974018;-0.000218899
0.706;0.974184;0.973959;-0.000224681
0.707;0.974134;0.973904;-0.000230397
0.708;0.974088;0.973852;-0.00023605
0.709;0.974044;0.973803;-0.000241638
0.71;0.974004;0.973757;-0.000247161
0.711;0.973966;0.973714;-0.00025262
0.712;0.973932;0.973674;-0.000258014
0.713;0.9739;0.973637;-0.000263344
0.714;0.973872;0.973603;-0.000268609
0.715;0.973846;0.973572;-0.000273809
0.716;0.973823;0.973544;-0.000278945
0.717;0.973803;0.973519;-0.000284016
0.718;0.973786;0.973497;-0.000289022
0.719;0.973772;0.973478;-0.000293964
0.72;0.97376;0.973461;-0.000298841
0.721;0.973751;0.973448;-0.000303653
0.722;0.973745;0.973437;-0.000308401
0.723;0.973742;0.973429;-0.000313085
0.724;0.973741;0.973423;-0.000317704
0.725;0.973743;0.97342;-0.000322259
0.726;0.973747;0.97342;-0.000326749
0.727;0.973754;0.973423;-0.000331175
0.728;0.973764;0.973428;-0.000335536
0.729;0.973776;0.973436;-0.000339834
0.73;0.97379;0.973446;-0.000344067
0.731;0.973807;0.973459;-0.000348237
0.732;0.973827;0.973475;-0.000352342
0.733;0.973849;0.973493;-0.000356384
0.734;0.973873;0.973513;-0.000360362
0.735;0.9739;0.973536;-0.000364276
0.736;0.973929;0.973561;-0.000368127
0.737;0.97396;0.973589;-0.000371914
0.738;0.973994;0.973618;-0.000375639
0.739;0.97403;0.973651;-0.0003793
0.74;0.974068;0.973685;-0.000382898
0.741;0.974109;0.973722;-0.000386433
0.742;0.974151;0.973761;-0.000389906
0.743;0.974196;0.973803;-0.000393316
0.744;0.974243;0.973846;-0.000396663
0.745;0.974292;0.973892;-0.000399948
0.746;0.974343;0.97394;-0.000403172
0.747;0.974396;0.973989;-0.000406333
0.748;0.974451;0.974041;-0.000409432
0.749;0.974508;0.974096;-0.00041247
0.75;0.974567;0.974152;-0.000415447
0.751;0.974628;0.97421;-0.000418362
0.752;0.974691;0.97427;-0.000421217
0.753;0.974756;0.974332;-0.00042401
0.754;0.974823;0.974396;-0.000426743
0.755;0.974891;0.974462;-0.000429416
0.756;0.974962;0.97453;-0.000432028
0.757;0.975034;0.9746;-0.00043458
0.758;0.975108;0.974671;-0.000437073
0.759;0.975184;0.974744;-0.000439506
0.76;0.975261;0.97482;-0.000441879
0.761;0.975341;0.974896;-0.000444194
0.762;0.975421;0.974975;-0.000446449
0.763;0.975504;0.975055;-0.000448646
0.764;0.975588;0.975137;-0.000450785
0.765;0.975674;0.975221;-0.000452866
0.766;0.975761;0.975306;-0.000454888
0.767;0.97585;0.975393;-0.000456853
0.768;0.97594;0.975482;-0.000458761
0.769;0.976032;0.975572;-0.000460611
0.77;0.976126;0.975663;-0.000462405
0.771;0.97622;0.975756;-0.000464142
0.772;0.976317;0.975851;-0.000465823
0.773;0.976414;0.975947;-0.000467447
0.774;0.976513;0.976044;-0.000469016
0.775;0.976614;0.976143;-0.00047053
0.776;0.976715;0.976243;-0.000471988
0.777;0.976819;0.976345;-0.000473391
0.778;0.976923;0.976448;-0.00047474
0.779;0.977028;0.976552;-0.000476034
0.78;0.977135;0.976658;-0.000477274
0.781;0.977243;0.976765;-0.000478461
0.782;0.977353;0.976873;-0.000479594
0.783;0.977463;0.976982;-0.000480674
0.784;0.977575;0.977093;-0.000481701
0.785;0.977687;0.977205;-0.000482676
0.786;0.977801;0.977317;-0.000483598
0.787;0.977916;0.977431;-0.000484469
0.788;0.978032;0.977547;-0.000485288
0.789;0.978149;0.977663;-0.000486055
0.79;0.978267;0.97778;-0.000486772
0.791;0.978386;0.977898;-0.000487438
0.792;0.978506;0.978018;-0.000488054
0.793;0.978627;0.978138;-0.00048862
0.794;0.978749;0.978259;-0.000489137
0.795;0.978871;0.978382;-0.000489604
0.796;0.978995;0.978505;-0.000490022
0.797;0.979119;0.978629;-0.000490392
0.798;0.979245;0.978754;-0.000490713
0.799;0.979371;0.97888;-0.000490986
0.8;0.979498;0.979007;-0.000491212
0.801;0.979626;0.979134;-0.000491391
0.802;0.979754;0.979263;-0.000491523
0.803;0.979883;0.979392;-0.000491608
0.804;0.980013;0.979522;-0.000491647
0.805;0.980144;0.979652;-0.00049164
0.806;0.980275;0.979784;-0.000491588
0.807;0.980407;0.979916;-0.000491491
0.808;0.98054;0.980049;-0.000491349
0.809;0.980673;0.980182;-0.000491162
0.81;0.980807;0.980316;-0.000490932
0.811;0.980941;0.980451;-0.000490658
0.812;0.981076;0.980586;-0.000490341
0.813;0.981212;0.980722;-0.000489981
0.814;0.981348;0.980858;-0.000489578
0.815;0.981485;0.980995;-0.000489133
0.816;0.981622;0.981133;-0.000488646
0.817;0.981759;0.981271;-0.000488118
0.818;0.981897;0.98141;-0.000487549
0.819;0.982036;0.981549;-0.000486939
0.82;0.982174;0.981688;-0.000486289
0.821;0.982314;0.981828;-0.000485598
0.822;0.982453;0.981968;-0.000484869
0.823;0.982593;0.982109;-0.0004841
0.824;0.982733;0.98225;-0.000483292
0.825;0.982874;0.982392;-0.000482446
0.826;0.983015;0.982533;-0.000481562
0.827;0.983156;0.982675;-0.00048064
0.828;0.983298;0.982818;-0.000479681
0.829;0.983439;0.982961;-0.000478685
0.83;0.983581;0.983104;-0.000477652
0.831;0.983723;0.983247;-0.000476583
0.832;0.983866;0.98339;-0.000475479
0.833;0.984008;0.983534;-0.000474339
0.834;0.984151;0.983678;-0.000473165
0.835;0.984294;0.983822;-0.000471955
0.836;0.984437;0.983967;-0.000470712
0.837;0.98458;0.984111;-0.000469434
0.838;0.984724;0.984256;-0.000468123
0.839;0.984867;0.9844;-0.00046678
0.84;0.985011;0.984545;-0.000465403
0.841;0.985154;0.98469;-0.000463994
0.842;0.985298;0.984835;-0.000462553
0.843;0.985441;0.98498;-0.000461081
0.844;0.985585;0.985125;-0.000459578
0.845;0.985729;0.985271;-0.000458044
0.846;0.985872;0.985416;-0.000456479
0.847;0.986016;0.985561;-0.000454885
0.848;0.986159;0.985706;-0.000453261
0.849;0.986303;0.985851;-0.000451608
0.85;0.986446;0.985996;-0.000449926
0.851;0.98659;0.986142;-0.000448216
0.852;0.986733;0.986287;-0.000446477
0.853;0.986876;0.986431;-0.000444711
0.854;0.987019;0.986576;-0.000442918
0.855;0.987162;0.986721;-0.000441098
0.856;0.987305;0.986866;-0.000439251
0.857;0.987448;0.98701;-0.000437378
0.858;0.98759;0.987155;-0.00043548
0.859;0.987732;0.987299;-0.000433556
0.86;0.987874;0.987443;-0.000431607
0.861;0.988016;0.987587;-0.000429634
0.862;0.988158;0.98773;-0.000427636
0.863;0.988299;0.987874;-0.000425615
0.864;0.98844;0.988017;-0.00042357
0.865;0.988581;0.98816;-0.000421502
0.866;0.988722;0.988303;-0.000419412
0.867;0.988862;0.988445;-0.000417299
0.868;0.989002;0.988587;-0.000415164
0.869;0.989142;0.988729;-0.000413007
0.87;0.989282;0.988871;-0.00041083
0.871;0.989421;0.989012;-0.000408631
0.872;0.98956;0.989153;-0.000406413
0.873;0.989698;0.989294;-0.000404174
0.874;0.989836;0.989434;-0.000401915
0.875;0.989974;0.989574;-0.000399637
0.876;0.990111;0.989714;-0.00039734
0.877;0.990248;0.989853;-0.000395025
0.878;0.990385;0.989992;-0.000392691
0.879;0.990521;0.990131;-0.00039034
0.88;0.990657;0.990269;-0.000387971
0.881;0.990792;0.990407;-0.000385584
0.882;0.990927;0.990544;-0.000383181
0.883;0.991062;0.990681;-0.000380762
0.884;0.991196;0.990817;-0.000378327
0.885;0.991329;0.990953;-0.000375876
0.886;0.991462;0.991089;-0.000373409
0.887;0.991595;0.991224;-0.000370928
0.888;0.991727;0.991359;-0.000368432
0.889;0.991859;0.991493;-0.000365921
0.89;0.99199;0.991626;-0.000363397
0.891;0.99212;0.991759;-0.000360859
0.892;0.99225;0.991892;-0.000358308
0.893;0.99238;0.992024;-0.000355744
0.894;0.992509;0.992156;-0.000353168
0.895;0.992638;0.992287;-0.000350579
0.896;0.992766;0.992418;-0.000347978
0.897;0.992893;0.992548;-0.000345366
0.898;0.99302;0.992677;-0.000342743
0.899;0.993146;0.992806;-0.000340109
0.9;0.993272;0.992934;-0.000337464
0.901;0.993397;0.993062;-0.00033481
0.902;0.993521;0.993189;-0.000332145
0.903;0.993645;0.993316;-0.000329471
0.904;0.993769;0.993442;-0.000326788
0.905;0.993891;0.993567;-0.000324096
0.906;0.994013;0.993692;-0.000321395
0.907;0.994135;0.993816;-0.000318686
0.908;0.994256;0.99394;-0.000315969
0.909;0.994376;0.994063;-0.000313245
0.91;0.994495;0.994185;-0.000310514
0.911;0.994614;0.994307;-0.000307775
0.912;0.994733;0.994428;-0.00030503
0.913;0.99485;0.994548;-0.000302279
0.914;0.994967;0.994668;-0.000299521
0.915;0.995083;0.994787;-0.000296758
0.916;0.995199;0.994905;-0.00029399
0.917;0.995314;0.995023;-0.000291216
0.918;0.995428;0.99514;-0.000288438
0.919;0.995542;0.995256;-0.000285655
0.92;0.995655;0.995372;-0.000282868
0.921;0.995767;0.995487;-0.000280078
0.922;0.995878;0.995601;-0.000277283
0.923;0.995989;0.995715;-0.000274486
0.924;0.996099;0.995828;-0.000271685
0.925;0.996209;0.99594;-0.000268882
0.926;0.996317;0.996051;-0.000266076
0.927;0.996425;0.996162;-0.000263268
0.928;0.996532;0.996272;-0.000260458
0.929;0.996639;0.996381;-0.000257647
0.93;0.996745;0.99649;-0.000254835
0.931;0.99685;0.996598;-0.000252021
0.932;0.996954;0.996705;-0.000249207
0.933;0.997058;0.996811;-0.000246392
0.934;0.99716;0.996917;-0.000243577
0.935;0.997262;0.997022;-0.000240762
0.936;0.997364;0.997126;-0.000237947
0.937;0.997464;0.997229;-0.000235133
0.938;0.997564;0.997332;-0.00023232
0.939;0.997663;0.997434;-0.000229508
0.94;0.997761;0.997535;-0.000226697
0.941;0.997859;0.997635;-0.000223888
0.942;0.997956;0.997735;-0.000221081
0.943;0.998052;0.997834;-0.000218276
0.944;0.998147;0.997932;-0.000215473
0.945;0.998242;0.998029;-0.000212673
0.946;0.998335;0.998125;-0.000209876
0.947;0.998428;0.998221;-0.000207082
0.948;0.99852;0.998316;-0.000204291
0.949;0.998612;0.99841;-0.000201504
0.95;0.998702;0.998504;-0.000198721
0.951;0.998792;0.998596;-0.000195942
0.952;0.998881;0.998688;-0.000193167
0.953;0.99897;0.998779;-0.000190396
0.954;0.999057;0.99887;-0.000187631
0.955;0.999144;0.998959;-0.00018487
0.956;0.99923;0.999048;-0.000182114
0.957;0.999315;0.999136;-0.000179364
0.958;0.999399;0.999223;-0.00017662
0.959;0.999483;0.999309;-0.000173881
0.96;0.999566;0.999395;-0.000171148
0.961;0.999648;0.999479;-0.000168422
0.962;0.999729;0.999563;-0.000165702
0.963;0.99981;0.999647;-0.000162988
0.964;0.999889;0.999729;-0.000160282
0.965;0.999968;0.999811;-0.000157583
0.966;1.00005;0.999891;-0.00015489
0.967;1.00012;0.999971;-0.000152206
0.968;1.0002;1.00005;-0.000149529
0.969;1.00028;1.00013;-0.00014686
0.97;1.00035;1.00021;-0.000144198
0.971;1.00043;1.00028;-0.000141546
0.972;1.0005;1.00036;-0.000138901
0.973;1.00057;1.00043;-0.000136265
0.974;1.00064;1.00051;-0.000133638
0.975;1.00071;1.00058;-0.00013102
0.976;1.00078;1.00066;-0.000128411
0.977;1.00085;1.00073;-0.000125811
0.978;1.00092;1.0008;-0.00012322
0.979;1.00099;1.00087;-0.00012064
0.98;1.00106;1.00094;-0.000118069
0.981;1.00112;1.00101;-0.000115508
0.982;1.00119;1.00108;-0.000112957
0.983;1.00125;1.00114;-0.000110416
0.984;1.00132;1.00121;-0.000107886
0.985;1.00138;1.00128;-0.000105367
0.986;1.00144;1.00134;-0.000102858
0.987;1.00151;1.00141;-0.00010036
0.988;1.00157;1.00147;-9.78733e-05
0.989;1.00163;1.00153;-9.53976e-05
0.99;1.00169;1.00159;-9.29333e-05
0.991;1.00175;1.00165;-9.04804e-05
0.992;1.0018;1.00171;-8.80392e-05
0.993;1.00186;1.00177;-8.56097e-05
0.994;1.00192;1.00183;-8.3192e-05
0.995;1.00197;1.00189;-8.07864e-05
0.996;1.00203;1.00195;-7.83929e-05
0.997;1.00208;1.00201;-7.60117e-05
0.998;1.00213;1.00206;-7.36429e-05
0.999;1.00219;1.00212;-7.12866e-05
1;1.00224;1.00217;-6.89429e-05
1.001;1.00229;1.00222;-6.6612e-05
1.002;1.00234;1.00228;-6.4294e-05
1.003;1.00239;1.00233;-6.19889e-05
1.004;1.00244;1.00238;-5.9697e-05
1.005;1.00249;1.00243;-5.74182e-05
1.006;1.00253;1.00248;-5.51528e-05
1.007;1.00258;1.00253;-5.29008e-05
1.008;1.00263;1.00258;-5.06623e-05
1.009;1.00267;1.00262;-4.84375e-05
1.01;1.00272;1.00267;-4.62264e-05
1.011;1.00276;1.00272;-4.40291e-05
1.012;1.0028;1.00276;-4.18457e-05
1.013;1.00285;1.00281;-3.96763e-05
1.014;1.00289;1.00285;-3.75211e-05
1.015;1.00293;1.00289;-3.538e-05
1.016;1.00297;1.00294;-3.32532e-05
1.017;1.00301;1.00298;-3.11407e-05
1.018;1.00305;1.00302;-2.90428e-05
1.019;1.00309;1.00306;-2.69593e-05
1.02;1.00312;1.0031;-2.48904e-05
1.021;1.00316;1.00314;-2.28363e-05
1.022;1.0032;1.00318;-2.07968e-05
1.023;1.00323;1.00321;-1.87722e-05
